['ACIN1(S386)', 'ACIN1(S388)']
['ACIN1(S388)', 'ACIN1(S386)']
['ADAM10(T719)', 'GPRASP2(T230)', 'KNOP1(T308)', 'MIS18BP1(S690)', 'MSN(S576)', 'NF1(S2515)', 'TOE1(S5)', 'TRPS1(S805)', 'YBX3(S324)']
['AKT1(S124)', 'AKT1(S129)']
['AKT1(S129)', 'AKT1(S124)']
['AKT1S1(S88)', 'AKT1S1(S92)']
['AKT1S1(S92)', 'AKT1S1(S88)']
['ANK2(T3797)', 'TRMT2A(S602)']
['ARHGEF38(S553)', 'FBXO21(S116)']
['ATRX(S1244)', 'ATRX(S1245)']
['ATRX(S1245)', 'ATRX(S1244)']
['BCAN(S74)', 'EIF2AK3(T244)']
['BCAR3(S8)', 'PAK4(T33)']
['C18orf21(T66)', 'SLC4A7(S55)']
['C19orf47(T388)', 'PIK3CG(T182)']
['CASC3(S703)', 'CHAF1A(Y780)', 'DBNL(S232)', 'GIGYF2(T382)', 'LUZP1(S878)', 'MAP1B(S544)', 'SRGAP3(S858)', 'ZNF652(S204)']
['CASKIN2(S471)', 'ELP2(S122)']
['CCDC81(S648)', 'RPS6KB1(S441)']
['CCDC86(S66)', 'CCDC86(S69)']
['CCDC86(S69)', 'CCDC86(S66)']
['CCDC88B(S1408)', 'FNBP1L(S488)', 'GPRASP2(T230)', 'NF1(S2515)']
['CDK1(T14)', 'CDK1(Y15)']
['CDK1(Y15)', 'CDK1(T14)']
['CDK5RAP2(S1238)', 'NUP35(S66)']
['CENPA(S17)', 'CENPA(S19)']
['CENPA(S19)', 'CENPA(S17)']
['CEP57(T58)', 'MEPCE(T213)']
['CFAP58(S53)', 'KRT8(S24)']
['CGN(S131)', 'CGN(S134)']
['CGN(S134)', 'CGN(S131)']
['CHAF1A(Y780)', 'CASC3(S703)', 'LUZP1(S878)', 'MAP1B(S544)']
['CHAF1B(T433)', 'SPINDOC(S152)']
['CHAMP1(S382)', 'CHAMP1(S386)']
['CHAMP1(S386)', 'CHAMP1(S382)']
['CHAMP1(S432)', 'CHAMP1(S436)']
['CHAMP1(S436)', 'CHAMP1(S432)']
['CHD4(T367)', 'CHD4(Y372)']
['CHD4(Y372)', 'CHD4(T367)']
['CRTC3(S370)', 'EPPK1(S2716)']
['CTTN(S405)', 'CTTN(T411)']
['CTTN(T411)', 'CTTN(S405)']
['CUTC(S17)', 'OTOGL(S1571)']
['DBNL(S232)', 'CASC3(S703)', 'GIGYF2(T382)', 'GPRASP2(T230)', 'MAPRE1(S165)', 'MIS18BP1(S690)', 'PELP1(S485)', 'SRSF2(S101)', 'TOR4A(S63)', 'TRPS1(S805)', 'ZNF652(S204)']
['DDX17(S571)', 'MPG(S35)', 'PDAP1(S176)', 'RPS6KB1(S427)', 'YBX1(S209)']
['DKC1(S451)', 'DKC1(S453)']
['DKC1(S453)', 'DKC1(S451)', 'DKC1(S455)']
['DKC1(S455)', 'DKC1(S453)']
['DNAH11(S2371)', 'PDYN(S101)']
['DNTTIP2(S88)', 'NCAPG(S674)']
['EEF2(S595)', 'PELP1(S485)']
['EEF2K(S72)', 'EEF2K(S74)']
['EEF2K(S74)', 'EEF2K(S72)', 'EEF2K(Y69)']
['EEF2K(Y69)', 'EEF2K(S74)']
['EFS(S323)', 'TAGAP(S714)']
['EIF2AK3(T244)', 'BCAN(S74)']
['EIF4EBP1(T46)', 'EIF4EBP1(Y34)']
['EIF4EBP1(Y34)', 'EIF4EBP1(T46)']
['EIF4EBP2(S65)', 'EIF4EBP2(T70)']
['EIF4EBP2(T46)', 'EIF4EBP2(Y34)']
['EIF4EBP2(T70)', 'EIF4EBP2(S65)']
['EIF4EBP2(Y34)', 'EIF4EBP2(T46)']
['EIF5B(S107)', 'WDR55(S14)']
['EIF5B(S135)', 'EIF5B(S137)']
['EIF5B(S137)', 'EIF5B(S135)']
['ELP2(S122)', 'CASKIN2(S471)']
['EML3(S177)', 'FEZ1(S58)', 'GPRASP2(T230)', 'HMGCR(S508)', 'KCNAB2(S112)', 'MIS18BP1(S690)', 'PAK1(S115)', 'TBC1D4(S591)', 'TOE1(S5)', 'TRPS1(S805)', 'WDR44(S470)', 'YBX3(S324)', 'ZNF652(S204)']
['EPPK1(S2716)', 'CRTC3(S370)']
['ESYT1(S1034)', 'VCL(S795)']
['EZH2(S363)', 'EZH2(T367)']
['EZH2(T367)', 'EZH2(S363)']
['FAM126A(S453)', 'MIS18BP1(S690)', 'WDR44(S470)']
['FAM177A1(S70)', 'FAM177A1(T71)']
['FAM177A1(T71)', 'FAM177A1(S70)']
['FAM219A(T113)', 'NFRKB(S298)', 'RANBP2(S2270)']
['FAM47A(S259)', 'RPS6(S235)']
['FANCI(S1121)', 'PPP1R7(S36)']
['FBXO21(S116)', 'ARHGEF38(S553)']
['FEZ1(S58)', 'EML3(S177)', 'MIS18BP1(S690)', 'NF1(S2515)', 'PPIP5K2(S38)', 'TBC1D4(S591)', 'TOE1(S5)', 'TRPS1(S805)', 'YBX3(S324)', 'ZNF652(S204)']
['FNBP1L(S488)', 'CCDC88B(S1408)', 'GIGYF2(T382)', 'NF1(S2515)', 'ZNF652(S204)']
['FOXK1(S213)', 'FOXK1(S223)']
['FOXK1(S223)', 'FOXK1(S213)']
['FXR2(S601)', 'FXR2(S603)']
['FXR2(S603)', 'FXR2(S601)']
['GIGYF2(T382)', 'CASC3(S703)', 'DBNL(S232)', 'FNBP1L(S488)', 'GPRASP2(T230)', 'LUZP1(S878)', 'MAPRE1(S165)', 'MARK3(T491)', 'MIS18BP1(S690)', 'NF1(S2515)', 'NUCKS1(S54)', 'PELP1(S485)', 'SRSF2(S101)', 'TOR4A(S63)', 'TRPS1(S805)', 'YBX3(S324)', 'ZNF652(S204)']
['GMIP(S919)', 'GMIP(S923)']
['GMIP(S923)', 'GMIP(S919)']
['GPHN(S188)', 'GPHN(S194)']
['GPHN(S194)', 'GPHN(S188)']
['GPRASP2(T230)', 'ADAM10(T719)', 'CCDC88B(S1408)', 'DBNL(S232)', 'EML3(S177)', 'GIGYF2(T382)', 'KNOP1(T308)', 'MIS18BP1(S690)', 'NF1(S2515)', 'PAK1(S115)', 'TBC1D4(S591)', 'TOE1(S5)', 'TOR4A(S63)', 'TRPS1(S805)', 'WDR44(S470)', 'YBX3(S324)', 'ZNF652(S204)']
['H1-5(T4)', 'STK10(S448)']
['HDGF(S132)', 'HDGF(S133)']
['HDGF(S133)', 'HDGF(S132)']
['HIRIP3(T84)', 'LIG1(S66)', 'YBX1(S314)']
['HIVEP2(S2130)', 'NCOA5(S29)', 'VEPH1(S783)']
['HMGA1(S99)', 'YBX1(S314)']
['HMGCR(S508)', 'EML3(S177)']
['HSP90AA1(S263)', 'HSP90AB1(S255)', 'MARCKS(T150)']
['HSP90AB1(S255)', 'HSP90AA1(S263)']
['HUWE1(S3919)', 'HUWE1(T3924)']
['HUWE1(T3924)', 'HUWE1(S3919)']
['JMJD1C(S639)', 'JMJD1C(S641)']
['JMJD1C(S641)', 'JMJD1C(S639)']
['JUND(S255)', 'JUND(S259)']
['JUND(S259)', 'JUND(S255)']
['KATNA1(S109)', 'TBC1D4(S591)']
['KCNAB2(S112)', 'EML3(S177)', 'KDM5A(S1598)', 'KDM5A(S1603)', 'MIS18BP1(S690)', 'TRPS1(S805)', 'WDR44(S470)', 'YBX3(S324)', 'ZBTB33(S237)']
['KDM5A(S1598)', 'KCNAB2(S112)', 'KDM5A(S1603)', 'KDM5A(Y1595)', 'MIS18BP1(S690)', 'PAK1(S115)', 'TRPS1(S805)', 'WDR44(S470)', 'YBX3(S324)', 'ZBTB33(S237)', 'ZNF516(S116)', 'ZNF652(S204)']
['KDM5A(S1603)', 'KCNAB2(S112)', 'KDM5A(S1598)', 'KDM5A(Y1595)', 'MIS18BP1(S690)', 'WDR44(S470)', 'YBX3(S324)', 'ZBTB33(S237)']
['KDM5A(Y1595)', 'KDM5A(S1598)', 'KDM5A(S1603)', 'WDR44(S470)']
['KIAA1109(S2661)', 'MCM7(S41)']
['KIAA1522(S669)', 'KIAA1522(S673)']
['KIAA1522(S673)', 'KIAA1522(S669)']
['KNOP1(T308)', 'ADAM10(T719)', 'GPRASP2(T230)', 'MIS18BP1(S690)', 'NF1(S2515)', 'TOE1(S5)', 'TOR4A(S63)', 'TRPS1(S805)', 'YBX3(S324)', 'ZNF652(S204)']
['KRT8(S24)', 'CFAP58(S53)']
['L3MBTL2(S688)', 'L3MBTL2(S689)']
['L3MBTL2(S689)', 'L3MBTL2(S688)']
['LARP1(S1056)', 'SH3PXD2B(S291)']
['LARP1(S143)', 'MAP1S(S472)']
['LIG1(S66)', 'HIRIP3(T84)', 'PAXBP1(S262)', 'YBX1(S314)']
['LINC00322(S226)', 'SRSF7(S165)']
['LTBP1(S1413)', 'LTBP1(Y1422)']
['LTBP1(Y1422)', 'LTBP1(S1413)']
['LUZP1(S878)', 'CASC3(S703)', 'CHAF1A(Y780)', 'GIGYF2(T382)', 'MAP1B(S544)', 'RPLP2(S16)']
['MAP1B(S544)', 'CASC3(S703)', 'CHAF1A(Y780)', 'LUZP1(S878)']
['MAP1S(S472)', 'LARP1(S143)']
['MAPK3(T207)', 'MAPK3(Y204)']
['MAPK3(Y204)', 'MAPK3(T207)']
['MAPRE1(S165)', 'DBNL(S232)', 'GIGYF2(T382)', 'ZNF652(S204)']
['MARCKS(T150)', 'HSP90AA1(S263)']
['MARCKSL1(S104)', 'PDYN(S101)']
['MARCKSL1(S48)', 'PCM1(S1776)']
['MARK3(T491)', 'GIGYF2(T382)']
['MBTPS1(T616)', 'MTLN(T68)']
['MCM7(S41)', 'KIAA1109(S2661)']
['MEPCE(T213)', 'CEP57(T58)']
['MIS18BP1(S690)', 'ADAM10(T719)', 'DBNL(S232)', 'EML3(S177)', 'FAM126A(S453)', 'FEZ1(S58)', 'GIGYF2(T382)', 'GPRASP2(T230)', 'KCNAB2(S112)', 'KDM5A(S1598)', 'KDM5A(S1603)', 'KNOP1(T308)', 'MSN(S576)', 'NF1(S2515)', 'NSD1(S2369)', 'PAK1(S115)', 'PELP1(S485)', 'POLR3D(S42)', 'PPIP5K2(S38)', 'TBC1D4(S591)', 'TOE1(S5)', 'TOR4A(S63)', 'TRPS1(S805)', 'WDR44(S470)', 'YBX3(S324)', 'ZNF219(T695)', 'ZNF652(S204)']
['MKI67(S1207)', 'MKI67(S2299)']
['MKI67(S2299)', 'MKI67(S1207)']
['MPG(S35)', 'DDX17(S571)', 'RPS6KB1(S427)', 'YBX1(S209)']
['MSN(S576)', 'ADAM10(T719)', 'MIS18BP1(S690)', 'PAK1(S115)', 'YBX3(S324)']
['MTLN(T68)', 'MBTPS1(T616)']
['MYOM2(T1159)', 'ZFYVE1(S729)']
['NCAPG(S674)', 'DNTTIP2(S88)']
['NCOA5(S29)', 'HIVEP2(S2130)', 'VEPH1(S783)']
['NEK1(S664)', 'PELP1(S485)']
['NF1(S2515)', 'ADAM10(T719)', 'CCDC88B(S1408)', 'FEZ1(S58)', 'FNBP1L(S488)', 'GIGYF2(T382)', 'GPRASP2(T230)', 'KNOP1(T308)', 'MIS18BP1(S690)', 'TBC1D4(S591)', 'TOE1(S5)', 'TOR4A(S63)', 'TRPS1(S805)', 'YBX3(S324)', 'ZNF652(S204)']
['NFRKB(S298)', 'FAM219A(T113)', 'RANBP2(S2270)']
['NIBAN2(S692)', 'NIBAN2(S696)']
['NIBAN2(S696)', 'NIBAN2(S692)']
['NOLC1(T607)', 'NOLC1(T610)']
['NOLC1(T610)', 'NOLC1(T607)']
['NOP2(S181)', 'NOP2(T185)']
['NOP2(T185)', 'NOP2(S181)']
['NSD1(S2369)', 'MIS18BP1(S690)', 'TBC1D4(S591)', 'TOE1(S5)', 'TRPS1(S805)', 'WDR44(S470)', 'YBX3(S324)']
['NUCKS1(S54)', 'GIGYF2(T382)']
['NUP188(S1708)', 'NUP188(S1717)']
['NUP188(S1717)', 'NUP188(S1708)']
['NUP35(S66)', 'CDK5RAP2(S1238)']
['OTOGL(S1571)', 'CUTC(S17)']
['PAK1(S115)', 'EML3(S177)', 'GPRASP2(T230)', 'KDM5A(S1598)', 'MIS18BP1(S690)', 'MSN(S576)', 'PPIP5K2(S38)', 'TBC1D4(S591)', 'TOE1(S5)', 'TRPS1(S805)', 'WDR44(S470)', 'YBX3(S324)', 'ZNF219(T695)', 'ZNF652(S204)']
['PAK4(T33)', 'BCAR3(S8)']
['PAXBP1(S262)', 'LIG1(S66)', 'YBX1(S314)']
['PCM1(S1776)', 'MARCKSL1(S48)']
['PCNP(S87)', 'SASH1(S746)']
['PDAP1(S176)', 'DDX17(S571)']
['PDE3A(S312)', 'UVRAG(S689)']
['PDLIM2(S129)', 'SFPQ(S33)']
['PDYN(S101)', 'DNAH11(S2371)', 'MARCKSL1(S104)']
['PELP1(S485)', 'DBNL(S232)', 'EEF2(S595)', 'GIGYF2(T382)', 'MIS18BP1(S690)', 'NEK1(S664)', 'SLBP(T123)', 'TRPS1(S805)', 'YBX3(S324)', 'ZNF652(S204)']
['PGM5(S510)', 'PXN(S258)']
['PHLDB1(S518)', 'PHLDB1(S520)']
['PHLDB1(S520)', 'PHLDB1(S518)']
['PIK3CG(T182)', 'C19orf47(T388)']
['PLEKHA6(S49)', 'SIPA1L1(S1181)']
['POLR3D(S42)', 'MIS18BP1(S690)', 'YBX3(S324)']
['PPHLN1(S163)', 'PPHLN1(Y162)']
['PPHLN1(Y162)', 'PPHLN1(S163)']
['PPIG(S356)', 'PPIG(T358)']
['PPIG(T358)', 'PPIG(S356)']
['PPIP5K2(S38)', 'FEZ1(S58)', 'MIS18BP1(S690)', 'PAK1(S115)', 'TRPS1(S805)', 'YBX3(S324)', 'ZNF652(S204)']
['PPP1R37(S601)', 'PPP1R37(T588)']
['PPP1R37(T588)', 'PPP1R37(S601)']
['PPP1R7(S36)', 'FANCI(S1121)', 'PPP1R7(S37)']
['PPP1R7(S37)', 'PPP1R7(S36)']
['PRCC(S157)', 'PRCC(S159)']
['PRCC(S159)', 'PRCC(S157)']
['PRKD1(S205)', 'PRKD1(S208)']
['PRKD1(S208)', 'PRKD1(S205)']
['PRPF4B(S354)', 'PRPF4B(S356)']
['PRPF4B(S356)', 'PRPF4B(S354)']
['PSMD1(S304)', 'PSMD1(S315)']
['PSMD1(S315)', 'PSMD1(S304)']
['PSMG1(T18)', 'TBC1D4(S591)']
['PXN(S258)', 'PGM5(S510)']
['RANBP2(S1400)', 'RANBP2(T1396)']
['RANBP2(S2270)', 'FAM219A(T113)', 'NFRKB(S298)']
['RANBP2(T1396)', 'RANBP2(S1400)']
['RB1(S608)', 'RB1(S612)', 'RB1(T601)']
['RB1(S612)', 'RB1(S608)', 'RB1(T601)', 'RB1(Y606)']
['RB1(S807)', 'RB1(S811)', 'RB1(Y805)']
['RB1(S811)', 'RB1(S807)', 'RB1(Y805)']
['RB1(T601)', 'RB1(S608)', 'RB1(S612)']
['RB1(Y606)', 'RB1(S612)']
['RB1(Y805)', 'RB1(S807)', 'RB1(S811)']
['RBM10(S736)', 'RBM10(S738)']
['RBM10(S738)', 'RBM10(S736)', 'RBM10(Y732)']
['RBM10(Y732)', 'RBM10(S738)']
['RBM15(S765)', 'SRGAP3(S858)']
['RBM39(S127)', 'RBM39(S129)']
['RBM39(S129)', 'RBM39(S127)']
['RNF113A(S84)', 'RNF113A(S85)']
['RNF113A(S85)', 'RNF113A(S84)']
['RPLP2(S16)', 'LUZP1(S878)', 'TRPS1(S805)']
['RPS6(S235)', 'FAM47A(S259)']
['RPS6KB1(S427)', 'DDX17(S571)', 'MPG(S35)', 'YBX1(S209)']
['RPS6KB1(S441)', 'CCDC81(S648)']
['SASH1(S746)', 'PCNP(S87)']
['SCAF1(S498)', 'SCAF1(S500)']
['SCAF1(S500)', 'SCAF1(S498)']
['SF1(S80)', 'SF1(S82)']
['SF1(S82)', 'SF1(S80)']
['SFPQ(S33)', 'PDLIM2(S129)']
['SH3PXD2B(S291)', 'LARP1(S1056)']
['SIPA1L1(S1181)', 'PLEKHA6(S49)']
['SLBP(T123)', 'PELP1(S485)']
['SLC4A7(S55)', 'C18orf21(T66)']
['SPINDOC(S152)', 'CHAF1B(T433)']
['SRGAP3(S858)', 'CASC3(S703)', 'RBM15(S765)']
['SRP72(S621)', 'SRP72(T624)']
['SRP72(T624)', 'SRP72(S621)']
['SRRM1(S389)', 'SRRM1(S393)']
['SRRM1(S393)', 'SRRM1(S389)']
['SRRM1(S402)', 'SRRM1(T406)']
['SRRM1(S549)', 'SRRM1(S551)']
['SRRM1(S551)', 'SRRM1(S549)']
['SRRM1(S626)', 'SRRM1(S628)']
['SRRM1(S628)', 'SRRM1(S626)']
['SRRM1(S683)', 'SRRM1(S685)']
['SRRM1(S685)', 'SRRM1(S683)']
['SRRM1(T406)', 'SRRM1(S402)']
['SRRM2(S1878)', 'SRRM2(T1880)']
['SRRM2(S1925)', 'SRRM2(T1927)']
['SRRM2(S2032)', 'SRRM2(T2034)']
['SRRM2(S2100)', 'SRRM2(S2102)']
['SRRM2(S2102)', 'SRRM2(S2100)']
['SRRM2(S2121)', 'SRRM2(S2123)']
['SRRM2(S2123)', 'SRRM2(S2121)']
['SRRM2(S2740)', 'SRRM2(T2738)']
['SRRM2(S508)', 'SRRM2(S510)']
['SRRM2(S510)', 'SRRM2(S508)']
['SRRM2(S846)', 'SRRM2(T848)']
['SRRM2(T1880)', 'SRRM2(S1878)']
['SRRM2(T1927)', 'SRRM2(S1925)']
['SRRM2(T2034)', 'SRRM2(S2032)']
['SRRM2(T2738)', 'SRRM2(S2740)']
['SRRM2(T848)', 'SRRM2(S846)']
['SRSF1(S199)', 'SRSF1(S201)']
['SRSF1(S201)', 'SRSF1(S199)']
['SRSF11(S323)', 'SRSF11(T325)']
['SRSF11(T325)', 'SRSF11(S323)']
['SRSF2(S101)', 'DBNL(S232)', 'GIGYF2(T382)', 'ZNF652(S204)']
['SRSF6(S314)', 'SRSF6(S316)']
['SRSF6(S316)', 'SRSF6(S314)']
['SRSF7(S165)', 'LINC00322(S226)']
['STK10(S448)', 'H1-5(T4)']
['TAGAP(S714)', 'EFS(S323)']
['TBC1D4(S591)', 'EML3(S177)', 'FEZ1(S58)', 'GPRASP2(T230)', 'KATNA1(S109)', 'MIS18BP1(S690)', 'NF1(S2515)', 'NSD1(S2369)', 'PAK1(S115)', 'PSMG1(T18)', 'TOE1(S5)', 'TRPS1(S805)', 'YBX3(S324)', 'ZNF652(S204)']
['TBX2(S653)', 'TBX2(S657)']
['TBX2(S657)', 'TBX2(S653)']
['THRAP3(S406)', 'THRAP3(S408)']
['THRAP3(S408)', 'THRAP3(S406)']
['THUMPD1(S86)', 'THUMPD1(S88)']
['THUMPD1(S88)', 'THUMPD1(S86)']
['TJP1(S125)', 'TJP1(S131)']
['TJP1(S131)', 'TJP1(S125)']
['TOE1(S5)', 'ADAM10(T719)', 'EML3(S177)', 'FEZ1(S58)', 'GPRASP2(T230)', 'KNOP1(T308)', 'MIS18BP1(S690)', 'NF1(S2515)', 'NSD1(S2369)', 'PAK1(S115)', 'TBC1D4(S591)', 'TRPS1(S805)', 'WDR44(S470)', 'YBX3(S324)', 'ZNF652(S204)']
['TOP2B(S1400)', 'TOP2B(S1413)']
['TOP2B(S1413)', 'TOP2B(S1400)']
['TOR1AIP1(S156)', 'TOR1AIP1(S157)']
['TOR1AIP1(S157)', 'TOR1AIP1(S156)']
['TOR4A(S63)', 'DBNL(S232)', 'GIGYF2(T382)', 'GPRASP2(T230)', 'KNOP1(T308)', 'MIS18BP1(S690)', 'NF1(S2515)', 'TRPS1(S805)', 'YBX3(S324)', 'ZNF652(S204)']
['TRA2A(S260)', 'TRA2A(S262)', 'TRA2A(Y264)']
['TRA2A(S262)', 'TRA2A(S260)']
['TRA2A(Y264)', 'TRA2A(S260)']
['TRA2B(S264)', 'TRA2B(S266)']
['TRA2B(S266)', 'TRA2B(S264)']
['TRA2B(S95)', 'TRA2B(S99)']
['TRA2B(S99)', 'TRA2B(S95)']
['TRMT2A(S602)', 'ANK2(T3797)']
['TRPS1(S805)', 'ADAM10(T719)', 'DBNL(S232)', 'EML3(S177)', 'FEZ1(S58)', 'GIGYF2(T382)', 'GPRASP2(T230)', 'KCNAB2(S112)', 'KDM5A(S1598)', 'KNOP1(T308)', 'MIS18BP1(S690)', 'NF1(S2515)', 'NSD1(S2369)', 'PAK1(S115)', 'PELP1(S485)', 'PPIP5K2(S38)', 'RPLP2(S16)', 'TBC1D4(S591)', 'TOE1(S5)', 'TOR4A(S63)', 'WDR44(S470)', 'YBX3(S324)', 'ZNF219(T695)', 'ZNF652(S204)']
['UBA1(S816)', 'UBA1(S820)']
['UBA1(S820)', 'UBA1(S816)']
['UBE4B(S65)', 'UBE4B(T64)']
['UBE4B(T64)', 'UBE4B(S65)']
['UTP14A(S405)', 'UTP14A(S407)']
['UTP14A(S407)', 'UTP14A(S405)']
['UVRAG(S689)', 'PDE3A(S312)']
['VCL(S795)', 'ESYT1(S1034)']
['VEPH1(S783)', 'HIVEP2(S2130)', 'NCOA5(S29)']
['WDR44(S470)', 'EML3(S177)', 'FAM126A(S453)', 'GPRASP2(T230)', 'KCNAB2(S112)', 'KDM5A(S1598)', 'KDM5A(S1603)', 'KDM5A(Y1595)', 'MIS18BP1(S690)', 'NSD1(S2369)', 'PAK1(S115)', 'TOE1(S5)', 'TRPS1(S805)', 'YBX3(S324)', 'ZBTB33(S237)', 'ZNF516(S116)']
['WDR55(S14)', 'EIF5B(S107)']
['WNK1(S167)', 'PLCH1(T1320)']
['WNK1(S174)', 'PLCH1(T1320)']
['YBX1(S209)', 'DDX17(S571)', 'MPG(S35)', 'RPS6KB1(S427)']
['YBX1(S314)', 'HIRIP3(T84)', 'HMGA1(S99)', 'LIG1(S66)', 'PAXBP1(S262)']
['YBX3(S324)', 'ADAM10(T719)', 'EML3(S177)', 'FEZ1(S58)', 'GIGYF2(T382)', 'GPRASP2(T230)', 'KCNAB2(S112)', 'KDM5A(S1598)', 'KDM5A(S1603)', 'KNOP1(T308)', 'MIS18BP1(S690)', 'MSN(S576)', 'NF1(S2515)', 'NSD1(S2369)', 'PAK1(S115)', 'PELP1(S485)', 'POLR3D(S42)', 'PPIP5K2(S38)', 'TBC1D4(S591)', 'TOE1(S5)', 'TOR4A(S63)', 'TRPS1(S805)', 'WDR44(S470)', 'ZNF219(T695)', 'ZNF652(S204)']
['YJU2(S211)', 'YJU2(S213)']
['YJU2(S213)', 'YJU2(S211)']
['ZBTB33(S237)', 'KCNAB2(S112)', 'KDM5A(S1598)', 'KDM5A(S1603)', 'WDR44(S470)']
['ZC3H18(S67)', 'ZC3H18(S74)']
['ZC3H18(S74)', 'ZC3H18(S67)']
['ZFYVE1(S729)', 'MYOM2(T1159)']
['ZMYND8(S486)', 'ZMYND8(S488)']
['ZMYND8(S488)', 'ZMYND8(S486)']
['ZNF219(T695)', 'MIS18BP1(S690)', 'PAK1(S115)', 'TRPS1(S805)', 'YBX3(S324)']
['ZNF516(S116)', 'KDM5A(S1598)', 'WDR44(S470)']
['ZNF652(S204)', 'CASC3(S703)', 'DBNL(S232)', 'EML3(S177)', 'FEZ1(S58)', 'FNBP1L(S488)', 'GIGYF2(T382)', 'GPRASP2(T230)', 'KDM5A(S1598)', 'KNOP1(T308)', 'MAPRE1(S165)', 'MIS18BP1(S690)', 'NF1(S2515)', 'PAK1(S115)', 'PELP1(S485)', 'PPIP5K2(S38)', 'SRSF2(S101)', 'TBC1D4(S591)', 'TOE1(S5)', 'TOR4A(S63)', 'TRPS1(S805)', 'YBX3(S324)']
